"Gene","Coefficient"
"DLGAP5",0.151917115953994
"CCNA2",0.069765803852725
"KIF20A",0.00324373038540929
