"Gene","HR","P_value","FDR"
"CCNB1",1.18226857883972,0.229515666417481,0.931237196910449
"CDK1",1.09328177962924,0.574479231573748,0.931237196910449
"BUB1B",0.967833232474969,0.868896578689581,0.931237196910449
"MAD2L1",0.956940580420037,0.788524483328615,0.931237196910449
"KIF11",1.01827043097245,0.931237196910449,0.931237196910449
